Attributes,adjust,change_perc1,change_perc2,close,high,low,open,value_match,value_reconcile,volume_match,volume_reconcile,volume
Symbols,PHN,PHN,PHN,PHN,PHN,PHN,PHN,PHN,PHN,PHN,PHN,PHN
date,,,,,,,,,,,,
2019-03-13,12.64,4.2,29.58,18.4,18.4,18.4,14.2,5520000,0,300,0,300
2019-03-14,13.88,1.8,9.78,20.2,20.2,20.2,18.4,10100000,0,500,0,500
2019-03-15,13.88,0.0,0.0,20.2,20.2,20.2,20.2,0,0,0,0,0
2019-03-18,15.26,2.0,9.9,22.2,22.2,22.2,20.2,11100000,0,500,0,500
2019-03-19,16.77,2.2,9.91,24.4,24.4,24.4,22.2,29280000,0,1200,0,1200
2019-03-20,16.84,0.1,0.41,24.5,26.0,26.0,24.4,199900000,0,7700,0,7700
2019-03-21,16.84,0.0,0.0,24.5,24.5,24.5,24.5,2450000,0,100,0,100
2019-03-22,16.84,0.0,0.0,24.5,25.0,25.0,24.5,12300000,0,500,0,500
2019-03-25,16.49,-0.5,-2.04,24.0,24.0,24.0,24.5,12000000,0,500,0,500
2019-03-26,16.49,0.0,0.0,24.0,24.0,24.0,24.0,0,0,0,0,0
2019-03-27,14.84,-2.4,-10.0,21.6,21.6,21.6,24.0,2160000,0,100,0,100
2019-03-28,13.47,-2.0,-9.26,19.6,19.6,19.6,21.6,3920000,0,200,0,200
2019-03-29,13.47,0.0,0.0,19.6,19.6,19.6,19.6,0,0,0,0,0
2019-04-01,12.44,-1.5,-7.65,18.1,18.1,18.1,19.6,47060000,0,2600,0,2600
2019-04-02,11.96,-0.7,-3.87,17.4,17.3,17.4,18.1,10430000,0,600,0,600
2019-04-03,11.96,0.0,0.0,17.4,17.4,17.4,17.4,0,0,0,0,0
2019-04-04,13.13,1.7,9.77,19.1,19.0,19.1,17.4,40090000,0,2100,0,2100
2019-04-05,12.44,-1.0,-5.24,18.1,18.1,18.1,19.1,10860000,0,600,0,600
2019-04-08,13.68,1.8,9.94,19.9,19.9,19.9,18.1,1990000,0,100,0,100
2019-04-09,12.58,-1.6,-8.04,18.3,18.3,18.3,19.9,1830000,0,100,0,100
2019-04-10,12.58,0.0,0.0,18.3,18.3,18.3,18.3,0,0,0,0,0
2019-04-11,13.4,1.2,6.56,19.5,19.5,19.5,18.3,3900000,0,200,0,200
2019-04-12,13.74,0.5,2.56,20.0,20.0,20.0,19.5,2000000,0,100,0,100
2019-04-16,14.78,1.5,7.5,21.5,20.5,21.5,20.0,86781000,0,4054,0,4054
2019-04-17,15.81,1.5,6.98,23.0,19.4,23.0,21.5,8840000,0,400,0,400
2019-04-18,15.67,-0.2,-0.87,22.8,20.7,22.8,23.0,8490000,0,400,0,400
2019-04-19,14.43,-1.8,-7.89,21.0,21.0,21.0,22.8,2100000,0,100,0,100
2019-04-22,15.46,1.5,7.14,22.5,22.5,22.5,21.0,11250000,0,500,0,500
2019-04-23,15.46,0.0,0.0,22.5,22.5,22.5,22.5,22490000,0,1000,0,1000
2019-04-24,15.46,0.0,0.0,20.5,20.5,20.5,20.5,0,0,0,0,0
2019-04-25,15.46,0.0,0.0,20.5,20.5,20.5,20.5,0,0,0,0,0
2019-04-26,15.46,0.0,0.0,20.5,20.5,20.5,20.5,0,0,0,0,0
2019-05-02,15.46,0.0,0.0,20.5,20.5,20.5,20.5,0,0,0,0,0
2019-05-03,15.46,0.0,0.0,20.5,20.5,20.5,20.5,0,0,0,0,0
2019-05-06,15.46,0.0,0.0,20.5,20.5,20.5,20.5,0,0,0,0,0
2019-05-07,15.46,0.0,0.0,20.5,20.5,20.5,20.5,0,0,0,0,0
2019-05-08,15.46,0.0,0.0,20.5,20.5,20.5,20.5,0,0,0,0,0
2019-05-09,15.46,0.0,0.0,20.5,20.5,20.5,20.5,0,0,0,0,0
2019-05-10,15.46,0.0,0.0,20.5,20.5,20.5,20.5,2050000,0,100,0,100
2019-05-13,15.46,0.0,0.0,20.5,20.5,20.5,20.5,0,0,0,0,0
2019-05-14,15.46,0.0,0.0,20.5,20.5,20.5,20.5,0,0,0,0,0
2019-05-15,15.46,0.0,0.0,20.5,20.5,20.5,20.5,0,0,0,0,0
2019-05-16,15.46,0.0,0.0,20.5,20.5,20.5,20.5,0,0,0,0,0
2019-05-17,15.46,0.0,0.0,20.5,20.5,20.5,20.5,0,0,0,0,0
2019-05-20,15.46,0.0,0.0,20.5,20.5,20.5,20.5,0,0,0,0,0
2019-05-21,15.46,0.0,0.0,20.5,20.5,20.5,20.5,0,0,0,0,0
2019-05-22,15.09,-0.5,-2.44,20.0,20.0,20.0,20.5,2000000,0,100,0,100
2019-05-23,15.09,0.0,0.0,20.0,20.0,20.0,20.0,0,0,0,0,0
2019-05-24,15.09,0.0,0.0,20.0,20.0,20.0,20.0,0,0,0,0,0
2019-05-27,15.09,0.0,0.0,20.0,20.0,20.0,20.0,0,0,0,0,0
2019-05-28,15.09,0.0,0.0,20.0,20.0,20.0,20.0,0,0,0,0,0
2019-05-29,15.09,0.0,0.0,20.0,20.0,20.0,20.0,0,0,0,0,0
2019-05-30,13.65,-1.9,-9.5,18.1,18.1,18.1,20.0,1810000,0,100,0,100
2019-05-31,13.65,0.0,0.0,18.1,18.1,18.1,18.1,0,0,0,0,0
2019-06-03,13.65,0.0,0.0,18.1,18.1,18.1,18.1,0,0,0,0,0
2019-06-04,13.65,0.0,0.0,18.1,18.1,18.1,18.1,0,0,0,0,0
2019-06-05,13.65,0.0,0.0,18.1,18.1,18.1,18.1,0,0,0,0,0
2019-06-06,13.65,0.0,0.0,18.1,18.1,18.1,18.1,0,0,0,0,0
2019-06-07,13.65,0.0,0.0,18.1,18.1,18.1,18.1,0,0,0,0,0
2019-06-10,13.65,0.0,0.0,18.1,18.1,18.1,18.1,0,0,0,0,0
2019-06-11,13.65,0.0,0.0,18.1,18.1,18.1,18.1,0,0,0,0,0
2019-06-12,13.65,0.0,0.0,18.1,18.1,18.1,18.1,0,0,0,0,0
2019-06-13,13.65,0.0,0.0,18.1,18.3,18.3,18.1,38050000,0,2100,0,2100
2019-06-14,13.65,0.0,0.0,18.1,18.1,18.1,18.1,0,0,0,0,0
2019-06-17,14.71,1.4,7.73,19.5,19.0,19.5,18.1,989000000,0,52000,0,52000
2019-06-18,15.46,1.0,5.13,20.5,20.5,20.5,19.5,883550000,0,43100,0,43100
2019-06-19,15.46,0.0,0.0,20.5,20.5,20.5,20.5,0,0,0,0,0
2019-06-20,15.46,0.0,0.0,20.5,19.0,20.5,20.5,29250000,0,1500,0,1500
2019-06-21,14.41,-1.4,-6.83,19.1,19.1,22.0,20.5,86310000,0,4200,0,4200
2019-06-24,15.84,1.9,9.95,21.0,21.0,21.0,19.1,31500000,0,1500,0,1500
2019-06-25,15.09,-1.0,-4.76,20.0,23.1,23.1,21.0,69050000,0,3200,0,3200
2019-06-26,16.59,2.0,10.0,22.0,22.0,22.0,20.0,46020000,0,2100,0,2100
2019-06-27,15.92,-0.9,-4.09,21.1,24.2,24.2,22.0,272860000,0,11400,0,11400
2019-06-28,15.46,-0.6,-2.84,20.5,22.9,23.2,21.1,78520000,0,3400,0,3400
2019-07-01,16.97,2.0,9.76,22.5,22.5,22.5,20.5,22500000,0,1000,0,1000
2019-07-02,18.63,2.2,9.78,24.7,24.7,24.7,22.5,688860000,0,27900,0,27900
2019-07-03,19.61,1.3,5.26,26.0,23.1,26.0,24.7,7510000,0,300,0,300
2019-07-04,19.61,0.0,0.0,26.0,26.0,26.0,26.0,0,0,0,0,0
2019-07-05,19.61,0.0,0.0,26.0,26.0,26.0,26.0,0,0,0,0,0
2019-07-08,17.65,-2.6,-10.0,23.4,23.4,23.4,26.0,35100000,0,1500,0,1500
2019-07-09,17.65,0.0,0.0,23.4,23.4,23.4,23.4,0,0,0,0,0
2019-07-10,17.65,0.0,0.0,23.4,23.4,23.4,23.4,0,0,0,0,0
2019-07-11,16.59,-1.4,-5.98,22.0,22.0,22.0,23.4,2200000,0,100,0,100
2019-07-12,14.93,-2.2,-10.0,19.8,24.2,24.2,22.0,23320000,0,1000,0,1000
2019-07-15,16.37,1.9,9.6,21.7,21.7,21.7,19.8,2170000,0,100,0,100
2019-07-16,15.09,-1.7,-7.83,20.0,23.8,23.8,21.7,35320000,0,1500,0,1500
2019-07-17,15.09,0.0,0.0,20.0,20.0,20.0,20.0,0,0,0,0,0
2019-07-18,15.84,1.0,5.0,21.0,22.0,22.0,20.0,46100000,0,2100,0,2100
2019-07-19,17.42,2.1,10.0,23.1,23.1,23.1,21.0,2310000,0,100,0,100
2019-07-22,17.42,0.0,0.0,23.1,23.1,23.1,23.1,0,0,0,0,0
2019-07-23,18.18,1.0,4.33,24.1,24.1,24.1,23.1,40970000,530400000,1700,25500,27200
2019-07-24,16.97,-1.6,-6.64,22.5,24.5,26.5,24.1,320380000,0,12600,0,12600
2019-07-25,17.35,0.5,2.22,23.0,24.7,24.7,22.5,67970000,0,2800,0,2800
2019-07-26,19.08,2.3,10.0,25.3,24.5,25.3,23.0,62450000,0,2500,0,2500
2019-07-29,20.97,2.5,9.88,27.8,27.0,27.8,25.3,535290000,0,19300,0,19300
2019-07-30,22.63,2.2,7.91,30.0,28.5,30.0,27.8,511300000,0,17300,0,17300
2019-07-31,22.25,-0.5,-1.67,29.5,30.0,30.0,30.0,32710000,0,1100,0,1100
2019-08-01,20.37,-2.5,-8.47,27.0,29.0,30.0,29.5,961700000,0,33200,0,33200
2019-08-02,22.02,2.2,8.15,29.2,29.2,29.2,27.0,2920000,0,100,0,100
2019-08-05,21.5,-0.7,-2.4,28.5,28.0,30.5,29.2,398650000,0,13200,0,13200
2019-08-06,19.69,-2.4,-8.42,26.1,28.5,30.0,28.5,266290000,0,9000,0,9000
2019-08-07,21.65,2.6,9.96,28.7,28.7,28.7,26.1,143500000,0,5000,0,5000
2019-08-08,19.61,-2.7,-9.41,26.0,30.0,30.5,28.7,491773400,0,16394,0,16394
2019-08-09,21.57,2.6,10.0,28.6,28.6,28.6,26.0,114400000,0,4000,0,4000
2019-08-12,22.63,1.4,4.9,30.0,30.0,30.5,28.6,1040830000,0,34700,0,34700
2019-08-13,22.63,0.0,0.0,30.0,30.0,30.0,30.0,0,150000000,0,5000,5000
2019-08-14,22.63,0.0,0.0,30.0,30.0,30.0,30.0,165000000,0,5500,0,5500
2019-08-15,22.63,0.0,0.0,30.0,30.0,30.5,30.0,828300000,0,27500,0,27500
2019-08-16,22.63,0.0,0.0,30.0,30.0,30.0,30.0,42000000,0,1400,0,1400
2019-08-19,21.5,-1.5,-5.0,28.5,30.0,30.5,30.0,1057410000,0,35800,0,35800
2019-08-20,22.33,1.1,3.86,29.6,29.3,30.5,28.5,522890000,0,17400,0,17400
2019-08-21,22.33,0.0,0.0,29.6,29.6,29.6,29.6,0,0,0,0,0
2019-08-22,22.63,0.4,1.35,30.0,30.5,30.5,29.6,364920000,0,12000,0,12000
2019-08-23,23.01,0.5,1.67,30.5,30.5,30.5,30.0,207400000,0,6800,0,6800
2019-08-26,23.08,0.1,0.33,30.6,30.5,31.0,30.5,1162640000,0,37900,0,37900
2019-08-27,23.16,0.1,0.33,30.7,30.8,32.0,30.6,1166330000,0,37600,0,37600
2019-08-28,23.16,0.0,0.0,30.7,30.7,30.7,30.7,0,4155000,0,150,150
2019-08-29,23.38,0.3,0.98,31.0,31.0,31.0,30.7,49600000,1772800,1600,64,1664
2019-08-30,23.38,0.0,0.0,31.0,31.0,31.0,31.0,0,0,0,0,0
2019-09-03,23.38,0.0,0.0,31.0,31.0,31.0,31.0,0,0,0,0,0
2019-09-04,23.38,0.0,0.0,31.0,31.0,31.0,31.0,0,165502800,0,5932,5932
2019-09-05,22.63,-1.0,-3.23,30.0,30.0,30.0,31.0,6000000,0,200,0,200
2019-09-06,22.63,0.0,0.0,30.0,30.0,30.0,30.0,0,0,0,0,0
2019-09-09,20.82,-2.4,-8.0,27.6,27.6,27.6,30.0,2760000,0,100,0,100
2019-09-10,20.82,0.0,0.0,27.6,27.6,27.6,27.6,0,0,0,0,0
2019-09-11,20.82,0.0,0.0,27.6,27.6,27.6,27.6,0,0,0,0,0
2019-09-12,20.82,0.0,0.0,27.6,27.6,27.6,27.6,2760000,0,100,0,100
2019-09-13,20.97,0.2,0.72,27.8,27.8,27.8,27.6,13900000,0,500,0,500
2019-09-16,20.97,0.0,0.0,27.8,27.8,27.8,27.8,0,0,0,0,0
2019-09-17,20.97,0.0,0.0,27.8,27.8,27.8,27.8,0,0,0,0,0
2019-09-18,20.97,0.0,0.0,27.8,27.8,27.8,27.8,0,0,0,0,0
2019-09-19,23.01,2.7,9.71,30.5,30.5,30.5,27.8,3050000,0,100,0,100
2019-09-20,21.12,-2.5,-8.2,28.0,29.9,29.9,30.5,30990000,0,1100,0,1100
2019-09-23,21.12,0.0,0.0,28.0,28.0,28.0,28.0,0,0,0,0,0
2019-09-24,21.12,0.0,0.0,28.0,28.0,28.0,28.0,0,0,0,0,0
2019-09-25,21.12,0.0,0.0,28.0,28.0,28.0,28.0,0,0,0,0,0
2019-09-26,21.12,0.0,0.0,28.0,28.0,28.0,28.0,0,0,0,0,0
2019-09-27,21.12,0.0,0.0,28.0,28.0,28.0,28.0,0,0,0,0,0
2019-09-30,21.12,0.0,0.0,28.0,28.0,28.0,28.0,0,0,0,0,0
2019-10-01,20.74,-0.5,-1.79,27.5,27.5,27.5,28.0,16500000,0,600,0,600
2019-10-02,20.74,0.0,0.0,27.5,27.5,27.5,27.5,0,0,0,0,0
2019-10-03,20.74,0.0,0.0,27.5,27.5,27.5,27.5,0,0,0,0,0
2019-10-04,22.48,2.3,8.36,29.8,29.8,29.8,27.5,8940000,0,300,0,300
2019-10-07,22.48,0.0,0.0,29.8,29.8,29.8,29.8,0,0,0,0,0
2019-10-08,21.87,-0.8,-2.68,29.0,29.0,29.0,29.8,121800000,0,4200,0,4200
2019-10-09,21.12,-1.0,-3.45,28.0,28.9,28.9,29.0,139610000,0,4900,0,4900
2019-10-10,21.5,0.5,1.79,28.5,30.8,30.8,28.0,53610000,0,1800,0,1800
2019-10-11,21.5,0.0,0.0,28.5,28.5,28.5,28.5,379050000,0,13300,0,13300
2019-10-14,20.37,-1.5,-5.26,27.0,28.5,28.5,28.5,176550000,0,6200,0,6200
2019-10-15,21.12,1.0,3.7,28.0,26.4,28.4,27.0,8280000,0,300,0,300
2019-10-16,21.5,0.5,1.79,28.5,28.5,28.5,28.0,289451000,0,10156,0,10156
2019-10-17,21.57,0.1,0.35,28.6,28.6,28.6,28.5,29170000,0,1020,0,1020
2019-10-18,22.48,1.2,4.2,29.8,31.4,31.4,28.6,75385000,0,2510,0,2510
2019-10-21,22.25,-0.3,-1.01,29.5,29.5,29.5,29.8,29500000,0,1000,0,1000
2019-10-22,21.5,-1.0,-3.39,28.5,29.6,29.8,29.5,296590000,0,10010,0,10010
2019-10-23,22.55,1.4,4.91,29.9,27.0,29.9,28.5,52460000,0,1900,0,1900
2019-10-24,22.48,-0.1,-0.33,29.8,29.8,29.8,29.9,2980000,0,100,0,100
2019-10-25,22.48,0.0,0.0,29.8,29.8,29.8,29.8,0,0,0,0,0
2019-10-28,22.48,0.0,0.0,29.8,29.8,29.8,29.8,154870000,0,5200,0,5200
2019-10-29,22.48,0.0,0.0,29.8,29.8,29.8,29.8,0,0,0,0,0
2019-10-30,22.48,0.0,0.0,29.8,29.8,29.8,29.8,0,0,0,0,0
2019-10-31,21.5,-1.3,-4.36,28.5,28.5,28.5,29.8,31350000,0,1100,0,1100
2019-11-01,21.5,0.0,0.0,28.5,29.0,29.0,28.5,272497600,0,9510,0,9510
2019-11-04,21.5,0.0,0.0,28.5,28.5,28.5,28.5,0,0,0,0,0
2019-11-05,21.12,1.0,3.7,28.0,28.4,28.4,27.0,150720000,0,5400,0,5400
2019-11-06,21.12,0.0,0.0,28.0,28.0,28.0,28.0,0,0,0,0,0
2019-11-07,20.37,-1.0,-3.57,27.0,27.0,27.0,28.0,54000000,0,2000,0,2000
2019-11-08,20.74,0.5,1.85,27.5,27.5,27.5,27.0,112750000,0,4100,0,4100
2019-11-11,20.74,0.0,0.0,27.5,27.5,27.5,27.5,0,0,0,0,0
2019-11-12,20.74,0.0,0.0,27.5,27.5,27.5,27.5,0,0,0,0,0
2019-11-13,20.37,-0.5,-1.82,27.0,27.0,27.0,27.5,9180000,0,340,0,340
2019-11-14,20.37,0.0,0.0,27.0,27.0,27.0,27.0,0,0,0,0,0
2019-11-15,20.37,0.0,0.0,27.0,27.0,27.0,27.0,0,0,0,0,0
2019-11-18,20.37,0.0,0.0,27.0,27.0,27.0,27.0,0,0,0,0,0
2019-11-19,20.37,0.0,0.0,27.0,27.0,27.0,27.0,0,0,0,0,0
2019-11-20,20.37,0.0,0.0,27.0,27.0,27.0,27.0,0,0,0,0,0
2019-11-21,20.37,0.0,0.0,27.0,27.0,27.0,27.0,0,0,0,0,0
2019-11-22,20.67,0.4,1.48,27.4,27.4,27.4,27.0,137108000,0,5004,0,5004
2019-11-25,21.5,1.1,4.01,28.5,28.5,28.5,27.4,28500000,0,1000,0,1000
2019-11-26,21.5,0.0,0.0,28.5,28.5,28.5,28.5,0,0,0,0,0
2019-11-27,21.5,0.0,0.0,28.5,28.5,28.5,28.5,0,0,0,0,0
2019-11-28,21.5,0.0,0.0,28.5,28.5,28.5,28.5,0,0,0,0,0
2019-11-29,21.5,0.0,0.0,28.5,28.5,28.5,28.5,0,0,0,0,0
2019-12-02,19.99,-2.0,-7.02,26.5,27.0,27.0,28.5,55800000,0,2100,0,2100
2019-12-03,19.99,0.0,0.0,26.5,26.5,26.5,26.5,0,0,0,0,0
2019-12-04,19.99,0.0,0.0,26.5,26.5,26.5,26.5,0,0,0,0,0
2019-12-05,19.99,0.0,0.0,26.5,26.5,26.5,26.5,0,0,0,0,0
2019-12-06,19.99,0.0,0.0,26.5,26.5,26.5,26.5,0,0,0,0,0
2019-12-09,19.99,0.0,0.0,26.5,26.5,26.5,26.5,0,0,0,0,0
2019-12-10,19.99,0.0,0.0,26.5,26.5,26.5,26.5,0,0,0,0,0
2019-12-11,19.99,0.0,0.0,26.5,26.5,26.5,26.5,0,0,0,0,0
2019-12-12,19.99,0.0,0.0,26.5,26.5,26.5,26.5,0,0,0,0,0
2019-12-13,19.99,0.0,0.0,26.5,26.5,26.5,26.5,0,0,0,0,0
2019-12-16,18.48,-2.0,-7.55,24.5,24.5,24.5,26.5,2450000,0,100,0,100
2019-12-17,18.48,0.0,0.0,24.5,24.5,24.5,24.5,0,0,0,0,0
2019-12-18,18.48,0.0,0.0,24.5,24.5,24.5,24.5,0,0,0,0,0
2019-12-19,18.48,0.0,0.0,24.5,24.5,24.5,24.5,0,0,0,0,0
2019-12-20,18.48,0.0,0.0,24.5,24.5,24.5,24.5,0,0,0,0,0
2019-12-23,18.48,0.0,0.0,24.5,24.5,24.5,24.5,0,0,0,0,0
2019-12-24,18.48,0.0,0.0,24.5,24.5,24.5,24.5,0,0,0,0,0
2019-12-25,18.48,0.0,0.0,24.5,24.5,24.5,24.5,0,0,0,0,0
2019-12-26,18.48,0.0,0.0,24.5,24.5,24.5,24.5,0,0,0,0,0
2019-12-27,18.48,0.0,0.0,24.5,24.5,24.5,24.5,0,0,0,0,0
2019-12-30,18.48,0.0,0.0,24.5,24.5,24.5,24.5,0,0,0,0,0
2019-12-31,18.48,0.0,0.0,24.5,24.5,24.5,24.5,0,0,0,0,0
2020-01-02,18.48,0.0,0.0,24.5,24.5,24.5,24.5,0,0,0,0,0
2020-01-03,18.48,0.0,0.0,24.5,24.5,24.5,24.5,0,0,0,0,0
2020-01-06,18.48,0.0,0.0,24.5,24.5,24.5,24.5,0,0,0,0,0
2020-01-07,18.48,0.0,0.0,24.5,24.5,24.5,24.5,0,0,0,0,0
2020-01-08,18.48,0.0,0.0,24.5,24.5,24.5,24.5,0,0,0,0,0
2020-01-09,18.48,0.0,0.0,24.5,24.5,24.5,24.5,0,0,0,0,0
2020-01-10,18.48,0.0,0.0,24.5,24.5,24.5,24.5,0,0,0,0,0
2020-01-13,18.48,0.0,0.0,24.5,24.5,24.5,24.5,0,0,0,0,0
2020-01-14,18.48,0.0,0.0,24.5,24.5,24.5,24.5,0,0,0,0,0
2020-01-15,18.48,0.0,0.0,24.5,24.5,24.5,24.5,0,0,0,0,0
2020-01-16,18.48,0.0,0.0,24.5,24.5,24.5,24.5,0,0,0,0,0
2020-01-17,18.48,0.0,0.0,24.5,24.5,24.5,24.5,0,0,0,0,0
2020-01-20,18.48,0.0,0.0,24.5,24.5,24.5,24.5,0,0,0,0,0
2020-01-21,18.48,0.0,0.0,24.5,24.5,24.5,24.5,0,0,0,0,0
2020-01-22,18.48,0.0,0.0,24.5,24.5,24.5,24.5,66300,0,3,0,3
2020-01-30,18.48,0.0,0.0,24.5,24.5,24.5,24.5,0,0,0,0,0
2020-01-31,18.48,0.0,0.0,24.5,24.5,24.5,24.5,0,0,0,0,0
2020-02-03,18.48,0.0,0.0,24.5,24.5,24.5,24.5,0,0,0,0,0
2020-02-04,18.48,0.0,0.0,24.5,24.5,24.5,24.5,0,0,0,0,0
2020-02-05,18.48,0.0,0.0,24.5,24.5,24.5,24.5,0,0,0,0,0
2020-02-06,18.48,0.0,0.0,24.5,24.5,24.5,24.5,0,0,0,0,0
2020-02-07,18.48,0.0,0.0,24.5,24.5,24.5,24.5,0,0,0,0,0
2020-02-10,18.48,0.0,0.0,24.5,24.5,24.5,24.5,0,0,0,0,0
2020-02-11,18.48,0.0,0.0,24.5,24.5,24.5,24.5,0,0,0,0,0
2020-02-12,18.48,0.0,0.0,24.5,24.5,24.5,24.5,147000,0,6,0,6
2020-02-13,18.48,0.0,0.0,24.5,24.5,24.5,24.5,0,0,0,0,0
2020-02-14,18.48,0.0,0.0,24.5,24.5,24.5,24.5,0,0,0,0,0
2020-02-17,18.48,0.0,0.0,24.5,24.5,24.5,24.5,0,0,0,0,0
2020-02-18,18.48,0.0,0.0,24.5,24.5,24.5,24.5,0,0,0,0,0
2020-02-19,18.48,0.0,0.0,24.5,24.5,24.5,24.5,0,0,0,0,0
2020-02-20,19.84,1.8,7.35,26.3,26.3,26.3,24.5,15780000,0,600,0,600
2020-02-21,19.84,0.0,0.0,26.3,26.3,26.3,26.3,0,0,0,0,0
2020-02-24,19.84,0.0,0.0,26.3,26.3,26.3,26.3,0,0,0,0,0
2020-02-25,19.84,0.0,0.0,26.3,26.3,26.3,26.3,0,0,0,0,0
2020-02-26,19.84,0.0,0.0,26.3,26.3,26.3,26.3,0,0,0,0,0
2020-02-27,19.84,0.0,0.0,26.3,26.3,26.3,26.3,0,0,0,0,0
2020-02-28,19.84,0.0,0.0,26.3,26.3,26.3,26.3,0,0,0,0,0
2020-03-02,19.84,0.0,0.0,26.3,26.3,26.3,26.3,0,0,0,0,0
2020-03-03,19.84,0.0,0.0,26.3,26.3,26.3,26.3,0,0,0,0,0
2020-03-04,19.84,0.0,0.0,26.3,26.3,26.3,26.3,0,0,0,0,0
2020-03-05,19.84,0.0,0.0,26.3,26.3,26.3,26.3,0,0,0,0,0
2020-03-06,19.84,0.0,0.0,26.3,26.3,26.3,26.3,0,0,0,0,0
2020-03-09,19.84,0.0,0.0,26.3,26.3,26.3,26.3,0,0,0,0,0
2020-03-10,19.84,0.0,0.0,26.3,26.3,26.3,26.3,0,0,0,0,0
2020-03-11,19.84,0.0,0.0,26.3,26.3,26.3,26.3,0,0,0,0,0
2020-03-12,19.84,0.0,0.0,26.3,26.3,26.3,26.3,0,0,0,0,0
2020-03-13,19.84,0.0,0.0,26.3,26.3,26.3,26.3,0,0,0,0,0
2020-03-16,19.84,0.0,0.0,26.3,26.3,26.3,26.3,0,0,0,0,0
2020-03-17,19.84,0.0,0.0,26.3,26.3,26.3,26.3,0,0,0,0,0
2020-03-18,19.84,0.0,0.0,26.3,26.3,26.3,26.3,0,0,0,0,0
2020-03-19,19.84,0.0,0.0,26.3,26.3,26.3,26.3,0,0,0,0,0
2020-03-20,19.84,0.0,0.0,26.3,26.3,26.3,26.3,0,0,0,0,0
2020-03-23,19.84,0.0,0.0,26.3,26.3,26.3,26.3,0,0,0,0,0
2020-03-24,19.84,0.0,0.0,26.3,26.3,26.3,26.3,0,0,0,0,0
2020-03-25,19.84,0.0,0.0,26.3,26.3,26.3,26.3,0,0,0,0,0
2020-03-26,19.84,0.0,0.0,26.3,26.3,26.3,26.3,0,0,0,0,0
2020-03-27,19.84,0.0,0.0,26.3,26.3,26.3,26.3,0,0,0,0,0
2020-03-30,19.84,0.0,0.0,26.3,26.3,26.3,26.3,0,0,0,0,0
2020-03-31,19.84,0.0,0.0,26.3,26.3,26.3,26.3,0,0,0,0,0
2020-04-01,19.84,0.0,0.0,26.3,26.3,26.3,26.3,0,0,0,0,0
2020-04-03,19.84,0.0,0.0,26.3,26.3,26.3,26.3,0,0,0,0,0
2020-04-06,19.84,0.0,0.0,26.3,26.3,26.3,26.3,0,0,0,0,0
2020-04-07,19.84,0.0,0.0,26.3,26.3,26.3,26.3,0,0,0,0,0
2020-04-08,19.84,0.0,0.0,26.3,26.3,26.3,26.3,0,0,0,0,0
2020-04-09,19.23,-0.8,-3.04,25.5,26.3,26.3,26.3,25910000,0,1000,0,1000
2020-04-10,19.23,0.0,0.0,25.5,25.5,25.5,25.5,0,0,0,0,0
2020-04-13,18.25,-1.3,-5.1,24.2,24.2,24.2,25.5,24200000,0,1000,0,1000
2020-04-14,20.06,2.4,9.92,26.6,26.6,26.6,24.2,26600000,0,1000,0,1000
2020-04-15,20.06,0.0,0.0,26.6,26.6,26.6,26.6,0,0,0,0,0
2020-04-16,20.06,0.0,0.0,26.6,26.6,26.6,26.6,0,0,0,0,0
2020-04-17,20.52,0.6,2.26,27.2,27.2,27.2,26.6,27200000,0,1000,0,1000
2020-04-20,20.37,-0.2,-0.74,27.0,27.0,27.0,27.2,24300000,0,900,0,900
2020-04-21,20.37,0.0,0.0,27.0,27.0,27.0,27.0,2700000,0,100,0,100
2020-04-22,20.37,0.0,0.0,27.0,27.0,27.0,27.0,0,0,0,0,0
2020-04-23,20.37,0.0,0.0,27.0,27.0,27.0,27.0,0,0,0,0,0
2020-04-24,18.53,-2.3,-9.02,23.2,23.0,23.2,25.5,6940000,0,300,0,300
2020-04-27,20.29,2.2,9.48,25.4,25.4,25.4,23.2,50821500,0,2001,0,2001
2020-04-28,18.29,-2.5,-9.84,22.9,22.9,22.9,25.4,2290000,0,100,0,100
2020-04-29,19.81,1.9,8.3,24.8,24.9,24.9,22.9,7450000,0,300,0,300
2020-05-04,21.56,2.2,8.87,27.0,27.1,27.1,24.8,78500000,0,2900,0,2900
2020-05-05,21.56,0.0,0.0,27.0,27.0,27.0,27.0,0,0,0,0,0
2020-05-06,21.56,0.0,0.0,27.0,27.0,27.0,27.0,0,0,0,0,0
2020-05-07,21.56,0.0,0.0,27.0,27.0,27.0,27.0,0,0,0,0,0
2020-05-08,23.72,2.7,10.0,29.7,28.9,29.7,27.0,216730000,0,7300,0,7300
2020-05-11,24.36,0.8,2.69,30.5,30.0,30.5,29.7,171150000,857600,5700,32,5732
2020-05-12,23.16,-1.5,-4.92,29.0,29.5,29.5,30.5,170990000,0,5900,0,5900
2020-05-13,23.16,0.0,0.0,29.0,29.0,29.0,29.0,0,0,0,0,0
2020-05-14,22.76,-0.5,-1.72,28.5,29.0,29.0,29.0,14350000,0,500,0,500
2020-05-15,21.17,-2.0,-7.02,26.5,26.9,27.0,28.5,211815000,0,7910,0,7910
2020-05-18,21.56,0.5,1.89,27.0,26.9,27.0,26.5,56500000,0,2100,0,2100
2020-05-19,21.56,0.0,0.0,27.0,27.0,27.0,27.0,54000000,0,2000,0,2000
2020-05-20,21.56,0.0,0.0,27.0,27.0,27.0,27.0,54000000,0,2000,0,2000
2020-05-21,21.56,0.0,0.0,27.0,27.0,27.0,27.0,48600000,0,1800,0,1800
2020-05-22,21.56,0.0,0.0,27.0,27.0,27.0,27.0,0,0,0,0,0
2020-05-25,21.56,0.0,0.0,27.0,27.0,27.0,27.0,0,0,0,0,0
2020-05-26,19.65,-2.4,-8.89,24.6,26.0,26.0,27.0,102600000,607500,4000,25,4025
2020-05-27,19.65,0.0,0.0,24.6,24.6,24.6,24.6,0,0,0,0,0
2020-05-28,19.65,0.0,0.0,24.6,24.6,24.6,24.6,0,0,0,0,0
2020-05-29,21.17,1.9,7.72,26.5,26.4,26.9,24.6,87750000,0,3300,0,3300
2020-06-01,21.96,1.0,3.77,27.5,26.9,27.5,26.5,43100000,0,1600,0,1600
2020-06-02,21.96,0.0,0.0,27.5,27.5,27.5,27.5,0,0,0,0,0
2020-06-03,21.96,0.0,0.0,27.5,27.5,27.5,27.5,0,0,0,0,0
2020-06-04,21.96,0.0,0.0,27.5,27.5,27.5,27.5,0,0,0,0,0
2020-06-05,21.48,-0.6,-2.18,26.9,26.5,26.9,27.5,29190000,0,1100,0,1100
2020-06-08,21.48,0.0,0.0,26.9,26.9,26.9,26.9,0,0,0,0,0
2020-06-09,21.48,0.0,0.0,26.9,26.9,26.9,26.9,0,0,0,0,0
2020-06-10,21.48,0.0,0.0,26.9,26.9,26.9,26.9,0,0,0,0,0
2020-06-11,21.48,0.0,0.0,26.9,26.9,26.9,26.9,0,0,0,0,0
2020-06-12,21.48,0.0,0.0,26.9,26.9,26.9,26.9,0,0,0,0,0
2020-06-15,21.48,0.0,0.0,26.9,26.9,26.9,26.9,0,0,0,0,0
2020-06-16,21.48,0.0,0.0,26.9,26.9,26.9,26.9,0,0,0,0,0
2020-06-17,20.37,-1.4,-5.2,25.5,25.5,25.5,26.9,17850000,0,700,0,700
2020-06-18,20.37,0.0,0.0,25.5,25.5,25.5,25.5,0,0,0,0,0
2020-06-19,20.37,0.0,0.0,25.5,25.5,25.5,25.5,0,0,0,0,0
2020-06-22,20.77,0.5,1.96,26.0,26.0,26.0,25.5,26000000,0,1000,0,1000
2020-06-23,20.77,0.0,0.0,26.0,26.0,26.0,26.0,0,0,0,0,0
2020-06-24,20.77,0.0,0.0,26.0,26.0,26.0,26.0,0,0,0,0,0
2020-06-25,20.77,0.0,0.0,26.0,26.0,26.0,26.0,0,0,0,0,0
2020-06-26,20.77,0.0,0.0,26.0,26.0,26.0,26.0,0,0,0,0,0
2020-06-29,20.77,0.0,0.0,26.0,26.0,26.0,26.0,0,0,0,0,0
2020-06-30,20.77,0.0,0.0,26.0,26.0,26.0,26.0,0,0,0,0,0
2020-07-01,20.77,0.0,0.0,26.0,26.0,26.0,26.0,0,0,0,0,0
2020-07-02,20.77,0.0,0.0,26.0,26.0,26.0,26.0,0,0,0,0,0
2020-07-03,20.77,0.0,0.0,26.0,26.0,26.0,26.0,0,0,0,0,0
2020-07-06,20.77,0.0,0.0,26.0,26.0,26.0,26.0,0,0,0,0,0
2020-07-07,20.77,0.0,0.0,26.0,26.0,26.0,26.0,0,0,0,0,0
2020-07-08,20.77,0.0,0.0,26.0,26.0,26.0,26.0,18200000,0,700,0,700
2020-07-09,20.77,0.0,0.0,26.0,26.0,26.0,26.0,0,0,0,0,0
2020-07-10,20.77,0.0,0.0,26.0,26.0,26.0,26.0,0,0,0,0,0
2020-07-13,20.77,0.0,0.0,26.0,26.0,26.0,26.0,274000,0,10,0,10
2020-07-14,20.77,0.0,0.0,26.0,26.0,26.0,26.0,3335000,0,130,0,130
2020-07-15,20.77,0.0,0.0,26.0,26.0,26.0,26.0,0,0,0,0,0
2020-07-16,20.77,0.0,0.0,26.0,26.0,26.0,26.0,0,0,0,0,0
2020-07-17,20.77,0.0,0.0,26.0,26.0,26.0,26.0,5200000,0,200,0,200
2020-07-20,20.77,0.0,0.0,26.0,26.0,26.0,26.0,0,0,0,0,0
2020-07-21,20.77,0.0,0.0,26.0,26.0,26.0,26.0,0,0,0,0,0
2020-07-22,20.77,0.0,0.0,26.0,26.0,26.0,26.0,8658000,0,330,0,330
2020-07-23,20.77,0.0,0.0,26.0,26.0,26.0,26.0,39000000,491400,1500,21,1521
2020-07-24,19.57,-1.5,-5.77,24.5,24.5,24.5,26.0,7350000,0,300,0,300
2020-07-27,19.57,0.0,0.0,24.5,24.5,24.5,24.5,0,0,0,0,0
2020-07-28,19.57,0.0,0.0,24.5,24.5,24.5,24.5,0,0,0,0,0
2020-07-29,18.37,-1.5,-6.12,23.0,23.0,23.0,24.5,2530000,0,110,0,110
2020-07-30,19.89,1.9,8.26,24.9,24.8,24.9,23.0,7450000,0,300,0,300
2020-07-31,19.89,0.0,0.0,24.9,24.9,24.9,24.9,0,0,0,0,0
2020-08-03,18.61,-1.6,-6.43,23.3,26.0,26.0,24.9,4930000,0,200,0,200
2020-08-04,19.49,1.1,4.72,24.4,25.6,25.6,23.3,132180000,0,5400,0,5400
2020-08-05,19.65,0.2,0.82,24.6,24.6,24.6,24.4,12300000,0,500,0,500
2020-08-06,19.65,0.0,0.0,24.6,24.6,24.6,24.6,27060000,1332000000,1100,60000,61100
2020-08-07,19.65,0.0,0.0,24.6,24.6,24.6,24.6,245000,0,10,0,10
2020-08-10,19.65,0.0,0.0,24.6,24.6,24.6,24.6,0,0,0,0,0
2020-08-11,19.65,0.0,0.0,24.6,24.6,24.6,24.6,0,0,0,0,0
2020-08-12,19.65,0.0,0.0,24.6,24.6,24.6,24.6,0,0,0,0,0
2020-08-13,19.65,0.0,0.0,24.6,24.6,24.6,24.6,0,0,0,0,0
2020-08-14,19.65,0.0,0.0,24.6,24.6,24.6,24.6,0,0,0,0,0
2020-08-17,19.49,-0.2,-0.81,24.4,24.4,24.4,24.6,2440000,0,100,0,100
2020-08-18,19.49,0.0,0.0,24.4,24.4,24.4,24.4,0,0,0,0,0
2020-08-19,19.49,0.0,0.0,24.4,24.4,24.4,24.4,0,0,0,0,0
2020-08-20,19.49,0.0,0.0,24.4,24.4,24.4,24.4,0,0,0,0,0
2020-08-21,19.97,0.6,2.46,25.0,25.0,25.0,24.4,5000000,0,200,0,200
2020-08-24,19.97,0.0,0.0,25.0,25.0,25.0,25.0,0,0,0,0,0
2020-08-25,19.97,0.0,0.0,25.0,25.0,25.0,25.0,2500000,0,100,0,100
2020-08-26,19.97,0.0,0.0,25.0,25.0,25.0,25.0,0,0,0,0,0
2020-08-27,19.97,0.0,0.0,25.0,25.0,25.0,25.0,0,0,0,0,0
2020-08-28,19.97,0.0,0.0,25.0,25.0,25.0,25.0,0,0,0,0,0
2020-08-31,19.97,0.0,0.0,25.0,25.0,25.0,25.0,42500000,0,1700,0,1700
2020-09-01,20.05,0.1,0.4,25.1,25.1,25.1,25.0,5020000,0,200,0,200
2020-09-03,20.05,0.0,0.0,25.1,25.1,25.1,25.1,0,0,0,0,0
2020-09-04,20.05,0.0,0.0,25.1,25.1,25.1,25.1,0,0,0,0,0
2020-09-07,20.05,0.0,0.0,25.1,25.1,25.1,25.1,0,0,0,0,0
2020-09-08,20.37,0.4,1.59,25.5,25.5,25.5,25.1,102000000,0,4000,0,4000
2020-09-09,20.37,0.0,0.0,25.5,25.5,25.5,25.5,0,0,0,0,0
2020-09-10,20.37,0.0,0.0,25.5,25.5,25.5,25.5,0,0,0,0,0
2020-09-11,20.37,0.0,0.0,25.5,25.5,25.5,25.5,0,0,0,0,0
2020-09-14,20.77,0.5,1.96,26.0,26.0,26.0,25.5,23400000,0,900,0,900
2020-09-15,20.77,0.0,0.0,26.0,26.0,26.0,26.0,2626500,234000,101,10,111
2020-09-16,20.77,0.0,0.0,26.0,26.0,26.0,26.0,0,0,0,0,0
2020-09-17,20.77,0.0,0.0,26.0,26.0,26.0,26.0,0,0,0,0,0
2020-09-18,20.77,0.0,0.0,26.0,26.0,26.0,26.0,26000000,0,1000,0,1000
2020-09-21,21.56,1.0,3.85,27.0,26.0,27.0,26.0,76570000,0,2900,0,2900
2020-09-22,21.96,0.5,1.85,27.5,27.0,27.5,27.0,57400000,0,2100,0,2100
2020-09-23,23.16,1.5,5.45,29.0,28.0,29.0,27.5,34700000,0,1200,0,1200
2020-09-24,22.36,-1.0,-3.45,28.0,28.5,28.5,29.0,14050000,0,500,0,500
2020-09-25,22.36,0.0,0.0,28.0,28.0,28.0,28.0,42000000,0,1500,0,1500
2020-09-28,23.08,0.9,3.21,28.9,27.1,28.9,28.0,125200000,0,4400,0,4400
2020-09-29,22.92,-0.2,-0.69,28.7,28.7,28.7,28.9,11480000,0,400,0,400
2020-09-30,22.92,0.0,0.0,28.7,28.7,28.7,28.7,2870000,0,100,0,100
2020-10-01,22.36,-0.7,-2.44,28.0,28.0,28.0,28.7,11200000,0,400,0,400
2020-10-02,22.36,0.0,0.0,28.0,28.0,28.0,28.0,0,0,0,0,0
2020-10-05,22.36,0.0,0.0,28.0,28.0,28.0,28.0,0,0,0,0,0
2020-10-06,22.36,0.0,0.0,28.0,28.0,28.0,28.0,110628000,0,3951,0,3951
2020-10-07,23.0,0.8,2.86,28.8,28.8,28.8,28.0,2880000,0,100,0,100
2020-10-08,23.0,0.0,0.0,28.8,28.8,28.8,28.8,0,0,0,0,0
2020-10-09,23.0,0.0,0.0,28.8,28.8,28.8,28.8,0,0,0,0,0
2020-10-12,23.0,0.0,0.0,28.8,28.8,28.8,28.8,0,0,0,0,0
2020-10-13,23.0,0.0,0.0,28.8,28.8,28.8,28.8,0,0,0,0,0
2020-10-14,23.0,0.0,0.0,28.8,28.8,28.8,28.8,0,0,0,0,0
2020-10-15,23.0,0.0,0.0,28.8,28.8,28.8,28.8,0,0,0,0,0
2020-10-16,23.0,0.0,0.0,28.8,28.8,28.8,28.8,0,0,0,0,0
2020-10-19,22.36,-0.8,-2.78,28.0,28.0,28.0,28.8,5600000,0,200,0,200
2020-10-20,22.36,0.0,0.0,28.0,28.0,28.0,28.0,0,0,0,0,0
2020-10-21,22.36,0.0,0.0,28.0,28.0,28.0,28.0,0,0,0,0,0
2020-10-22,22.36,0.0,0.0,28.0,28.0,28.0,28.0,0,0,0,0,0
2020-10-23,22.36,0.0,0.0,28.0,28.0,28.0,28.0,0,0,0,0,0
2020-10-26,22.36,0.0,0.0,28.0,28.0,28.0,28.0,0,0,0,0,0
2020-10-27,22.36,0.0,0.0,28.0,28.0,28.0,28.0,11200000,0,400,0,400
2020-10-28,22.36,0.0,0.0,28.0,28.0,28.0,28.0,0,0,0,0,0
2020-10-29,22.36,0.0,0.0,26.5,26.5,26.5,26.5,0,0,0,0,0
2020-10-30,22.36,0.0,0.0,26.5,26.5,26.5,26.5,0,0,0,0,0
2020-11-02,22.36,0.0,0.0,26.5,26.5,26.5,26.5,0,0,0,0,0
2020-11-03,22.36,0.0,0.0,26.5,26.5,26.5,26.5,0,0,0,0,0
2020-11-04,21.94,-0.5,-1.89,26.0,26.4,26.4,26.5,15640000,0,600,0,600
2020-11-05,21.94,0.0,0.0,26.0,26.0,26.0,26.0,5200000,0,200,0,200
2020-11-06,21.94,0.0,0.0,26.0,26.0,26.0,26.0,7800000,0,300,0,300
2020-11-09,21.94,0.0,0.0,26.0,26.0,26.0,26.0,0,0,0,0,0
2020-11-10,22.79,1.0,3.85,27.0,26.5,27.0,26.0,37750000,0,1400,0,1400
2020-11-11,22.79,0.0,0.0,27.0,27.0,27.0,27.0,0,0,0,0,0
2020-11-12,22.79,0.0,0.0,27.0,27.0,27.0,27.0,10800000,0,400,0,400
2020-11-13,22.79,0.0,0.0,27.0,27.0,27.0,27.0,27000000,0,1000,0,1000
2020-11-16,21.94,-1.0,-3.7,26.0,26.0,26.0,27.0,5200000,0,200,0,200
2020-11-17,21.44,-0.6,-2.31,25.4,25.4,25.4,26.0,17780000,0,700,0,700
2020-11-18,20.84,-0.7,-2.76,24.7,25.5,25.5,25.4,74180000,0,3000,0,3000
2020-11-19,20.84,0.0,0.0,24.7,24.7,24.7,24.7,0,0,0,0,0
2020-11-20,21.27,0.5,2.02,25.2,25.2,25.2,24.7,25200000,0,1000,0,1000
2020-11-23,21.52,0.3,1.19,25.5,25.5,25.5,25.2,2550000,0,100,0,100
2020-11-24,21.52,0.0,0.0,25.5,25.5,25.5,25.5,0,0,0,0,0
2020-11-25,21.52,0.0,0.0,25.5,27.5,27.5,25.5,5300000,0,200,0,200
2020-11-26,21.52,0.0,0.0,25.5,25.5,25.5,25.5,0,0,0,0,0
2020-11-27,23.21,2.0,7.84,27.5,27.5,27.5,25.5,2750000,0,100,0,100
2020-11-30,24.22,1.2,4.36,28.7,28.7,28.7,27.5,20090000,0,700,0,700
2020-12-01,25.23,1.2,4.18,29.9,28.7,29.9,28.7,8810000,0,300,0,300
2020-12-02,23.55,-2.0,-6.69,27.9,27.9,27.9,29.9,2790000,0,100,0,100
2020-12-03,23.21,-0.4,-1.43,27.5,27.5,27.5,27.9,214450000,0,7800,0,7800
2020-12-04,23.21,0.0,0.0,27.5,27.5,27.5,27.5,0,0,0,0,0
2020-12-07,25.32,2.5,9.09,30.0,30.0,30.0,27.5,3000000,0,100,0,100
2020-12-08,24.9,-0.5,-1.67,29.5,29.5,29.5,30.0,2950000,0,100,0,100
2020-12-09,24.9,0.0,0.0,29.5,29.5,29.5,29.5,0,0,0,0,0
2020-12-10,24.9,0.0,0.0,29.5,29.5,29.5,29.5,0,0,0,0,0
2020-12-11,24.9,0.0,0.0,29.5,29.5,29.5,29.5,0,0,0,0,0
2020-12-14,24.9,0.0,0.0,29.5,29.5,29.5,29.5,0,1755600,0,66,66
2020-12-15,23.21,-2.0,-6.78,27.5,27.5,27.5,29.5,2750000,0,100,0,100
2020-12-16,23.21,0.0,0.0,27.5,27.5,27.5,27.5,252000,0,10,0,10
2020-12-17,23.21,0.0,0.0,27.5,27.5,27.5,27.5,0,0,0,0,0
2020-12-18,23.21,0.0,0.0,27.5,27.5,27.5,27.5,0,0,0,0,0
2020-12-21,23.21,0.0,0.0,27.5,27.5,27.5,27.5,1426800,0,57,0,57
2020-12-22,23.21,0.0,0.0,27.5,27.5,27.5,27.5,0,0,0,0,0
2020-12-23,23.21,0.0,0.0,27.5,27.5,27.5,27.5,5500000,0,200,0,200
2020-12-24,23.21,0.0,0.0,27.5,27.5,27.5,27.5,24750000,0,900,0,900
2020-12-25,23.21,0.0,0.0,27.5,27.5,27.5,27.5,0,0,0,0,0
2020-12-28,22.79,-0.5,-1.82,27.0,27.0,27.0,27.5,32400000,0,1200,0,1200
2020-12-29,22.79,0.0,0.0,27.0,27.0,27.0,27.0,135000000,0,5000,0,5000
2020-12-30,22.79,0.0,0.0,27.0,27.0,27.0,27.0,0,0,0,0,0
2020-12-31,22.95,0.2,0.74,27.2,27.0,27.2,27.0,523187300,0,19367,0,19367
2021-01-04,24.39,1.7,6.25,28.9,28.2,28.9,27.2,175900000,0,6200,0,6200
2021-01-05,24.39,0.0,0.0,28.9,28.9,28.9,28.9,11560000,0,400,0,400
2021-01-06,24.05,-0.4,-1.38,28.5,28.5,28.9,28.9,176690000,0,6200,0,6200
2021-01-07,24.47,0.5,1.75,29.0,28.9,29.0,28.5,299320000,0,10400,0,10400
2021-01-08,24.98,0.6,2.07,29.6,29.1,29.9,29.0,295860000,0,10000,0,10000
2021-01-11,25.32,0.4,1.35,30.0,29.7,30.3,29.6,182710000,0,6100,0,6100
2021-01-12,25.32,0.0,0.0,30.0,29.9,30.2,30.0,332550000,0,11100,0,11100
2021-01-13,25.32,0.0,0.0,30.0,28.7,30.2,30.0,180470000,0,6000,0,6000
2021-01-14,25.99,0.8,2.67,30.8,30.0,30.8,30.0,196640000,0,6500,0,6500
2021-01-15,25.4,-0.7,-2.27,30.1,30.8,30.9,30.8,342340000,0,11300,0,11300
2021-01-18,25.57,0.2,0.66,30.3,30.0,30.5,30.1,459940000,0,15200,0,15200
2021-01-19,26.64,1.2,4.17,30.0,30.3,30.4,28.8,352840000,0,11700,0,11700
2021-01-20,26.64,0.0,0.0,30.0,29.9,30.0,30.0,179990000,0,6000,0,6000
2021-01-21,26.64,0.0,0.0,30.0,30.0,30.0,30.0,402000000,0,13400,0,13400
2021-01-22,26.81,0.2,0.67,30.2,30.0,30.9,30.0,120610000,0,4000,0,4000
2021-01-25,27.97,1.3,4.3,31.5,30.2,31.5,30.2,566770000,0,18100,0,18100
2021-01-26,28.41,0.5,1.59,32.0,31.5,32.0,31.5,82450000,0,2600,0,2600
2021-01-27,27.52,-1.0,-3.13,31.0,31.9,31.9,32.0,46790000,0,1500,0,1500
2021-01-28,26.64,-1.0,-3.23,30.0,30.0,30.1,31.0,117010000,0,3900,0,3900
2021-01-29,27.7,1.2,4.0,31.2,31.0,31.2,30.0,71510000,567000,2300,21,2321
2021-02-01,26.64,-1.2,-3.85,30.0,31.2,31.2,31.2,27880000,0,900,0,900
2021-02-02,26.64,0.0,0.0,30.0,30.0,30.0,30.0,0,0,0,0,0
2021-02-03,27.52,1.0,3.33,31.0,31.0,31.0,30.0,52700000,0,1700,0,1700
2021-02-04,27.52,0.0,0.0,31.0,31.0,31.0,31.0,0,0,0,0,0
2021-02-05,28.41,1.0,3.23,32.0,31.5,32.0,31.0,79750000,0,2500,0,2500
2021-02-08,28.41,0.0,0.0,32.0,32.0,32.0,32.0,0,0,0,0,0
2021-02-09,28.06,-0.4,-1.25,31.6,32.0,32.0,32.0,76760000,0,2400,0,2400
2021-02-17,28.68,0.7,2.22,32.3,32.3,32.3,31.6,16150000,0,500,0,500
2021-02-18,28.59,-0.1,-0.31,32.2,32.1,32.2,32.3,6430000,0,200,0,200
2021-02-19,28.41,-0.2,-0.62,32.0,31.1,32.0,32.2,70130000,0,2200,0,2200
2021-02-22,28.68,0.3,0.94,32.3,32.0,32.3,32.0,38520000,1411200,1200,49,1249
2021-02-23,31.08,2.7,8.36,35.0,32.4,35.0,32.3,99900000,0,3000,0,3000
2021-02-24,31.08,0.0,0.0,35.0,35.0,35.0,35.0,115500000,0,3300,0,3300
2021-02-25,31.08,0.0,0.0,35.0,35.0,35.0,35.0,0,0,0,0,0
2021-02-26,31.08,0.0,0.0,35.0,35.0,35.0,35.0,0,0,0,0,0
2021-03-01,30.28,-0.9,-2.57,34.1,34.1,34.1,35.0,3410000,0,100,0,100
2021-03-02,30.72,0.5,1.47,34.6,34.6,34.6,34.1,3460000,0,100,0,100
2021-03-03,30.72,0.0,0.0,34.6,34.6,34.6,34.6,0,0,0,0,0
2021-03-04,28.06,-3.0,-8.67,31.6,31.6,31.6,34.6,3160000,0,100,0,100
2021-03-05,29.39,1.5,4.75,33.1,34.7,34.7,31.6,34540000,0,1000,0,1000
2021-03-08,31.52,2.4,7.25,35.5,35.5,35.5,33.1,3550000,0,100,0,100
2021-03-09,31.08,-0.5,-1.41,35.0,32.3,35.0,35.5,10230000,0,300,0,300
2021-03-10,31.08,0.0,0.0,35.0,35.0,35.0,35.0,7000000,0,200,0,200
2021-03-11,31.08,0.0,0.0,35.0,35.0,35.0,35.0,0,0,0,0,0
2021-03-12,30.19,-1.0,-2.86,34.0,34.4,34.5,35.0,30990000,0,900,0,900
2021-03-15,30.37,0.2,0.59,34.2,34.0,34.2,34.0,47630000,2505800,1400,81,1481
2021-03-16,28.5,-2.1,-6.14,32.1,32.1,32.1,34.2,3210000,0,100,0,100
2021-03-17,29.65,1.3,4.05,33.4,33.4,33.4,32.1,6680000,0,200,0,200
2021-03-18,26.81,-3.2,-9.58,30.2,30.2,30.2,33.4,3020000,0,100,0,100
2021-03-19,29.48,3.0,9.93,33.2,33.2,33.2,30.2,16600000,0,500,0,500
2021-03-22,31.08,1.8,5.42,35.0,35.0,35.0,33.2,17500000,0,500,0,500
2021-03-23,30.72,-0.4,-1.14,34.6,38.0,38.0,35.0,22360000,0,600,0,600
2021-03-24,30.72,0.0,0.0,34.6,34.6,34.6,34.6,0,0,0,0,0
2021-03-25,30.72,0.0,0.0,34.6,34.6,34.6,34.6,0,0,0,0,0
2021-03-26,30.81,0.1,0.29,34.7,35.5,35.5,34.6,88350000,0,2500,0,2500
2021-03-29,30.81,0.0,0.0,34.7,34.7,34.7,34.7,0,0,0,0,0
2021-03-30,30.81,0.0,0.0,34.7,34.7,34.7,34.7,3470000,0,100,0,100
2021-03-31,30.81,0.0,0.0,34.7,34.7,34.7,34.7,17385500,0,501,0,501
2021-04-01,28.68,-2.4,-6.92,32.3,36.0,36.0,34.7,21489200,0,608,0,608
2021-04-02,28.68,0.0,0.0,32.3,32.3,32.3,32.3,0,0,0,0,0
2021-04-05,31.08,2.7,8.36,35.0,34.0,35.0,32.3,59400000,0,1700,0,1700
2021-04-06,31.08,0.0,0.0,35.0,35.0,35.0,35.0,0,0,0,0,0
2021-04-07,31.08,0.0,0.0,35.0,35.0,35.0,35.0,0,0,0,0,0
2021-04-08,31.08,0.0,0.0,35.0,35.0,35.0,35.0,0,0,0,0,0
2021-04-09,29.57,-1.7,-4.86,33.3,33.1,33.5,35.0,16610000,0,500,0,500
2021-04-12,29.57,0.0,0.0,33.3,33.3,33.3,33.3,0,0,0,0,0
2021-04-13,31.96,2.7,8.11,36.0,30.5,36.0,33.3,48250000,0,1400,0,1400
2021-04-14,30.72,-1.4,-3.89,34.6,34.6,34.6,36.0,3460000,0,100,0,100
2021-04-15,30.72,0.0,0.0,34.6,34.6,34.6,34.6,0,0,0,0,0
2021-04-16,31.08,0.4,1.16,35.0,33.1,35.5,34.6,20710000,0,600,0,600
2021-04-19,31.08,0.0,0.0,35.0,35.0,35.0,35.0,0,0,0,0,0
2021-04-20,30.19,-1.0,-2.86,34.0,34.0,34.0,35.0,3400000,0,100,0,100
2021-04-22,28.5,-1.9,-5.59,32.1,35.9,35.9,34.0,41800000,0,1200,0,1200
2021-04-23,28.5,0.0,0.0,32.1,32.1,32.1,32.1,0,0,0,0,0
2021-04-26,26.19,-2.6,-8.1,29.5,29.5,29.5,32.1,8850000,0,300,0,300
2021-04-27,28.77,2.9,9.83,32.4,31.5,32.4,29.5,34230000,0,1060,0,1060
2021-04-28,28.77,0.0,0.0,32.4,32.4,32.4,32.4,0,0,0,0,0
2021-04-29,28.77,0.0,0.0,32.4,32.4,32.4,32.4,0,0,0,0,0
2021-05-04,30.19,1.6,4.94,34.0,32.5,34.0,32.4,37250000,0,1100,0,1100
2021-05-05,31.52,1.5,4.41,35.5,33.9,35.5,34.0,15930000,0,460,0,460
2021-05-06,29.03,-2.8,-7.89,32.7,36.0,36.0,35.5,10470000,0,300,0,300
2021-05-07,29.03,0.0,0.0,32.7,32.7,32.7,32.7,0,0,0,0,0
2021-05-10,31.52,2.8,8.56,35.5,35.5,35.5,32.7,3550000,0,100,0,100
2021-05-11,31.52,0.0,0.0,35.5,35.0,35.5,35.5,49500000,0,1400,0,1400
2021-05-12,31.52,0.0,0.0,35.5,35.5,35.5,35.5,0,0,0,0,0
2021-05-13,29.74,-2.0,-5.63,33.5,33.5,33.5,35.5,3350000,0,100,0,100
2021-05-14,30.63,1.0,2.99,34.5,34.5,34.5,33.5,3450000,0,100,0,100
2021-05-17,30.63,0.0,0.0,34.5,34.5,34.5,34.5,272800,0,8,0,8
2021-05-18,30.63,0.0,0.0,34.5,34.5,34.5,34.5,0,0,0,0,0
2021-05-19,30.19,-0.5,-1.45,34.0,34.5,34.5,34.5,34100000,0,1000,0,1000
2021-05-20,30.63,0.5,1.47,34.5,34.5,34.5,34.0,10350000,0,300,0,300
2021-05-21,30.63,0.0,0.0,34.5,34.5,34.5,34.5,34500000,0,1000,0,1000
2021-05-24,31.96,1.5,4.35,36.0,36.0,36.0,34.5,228820000,0,6700,0,6700
2021-05-25,31.52,-0.5,-1.39,35.5,36.0,36.0,36.0,71500000,0,2000,0,2000
2021-05-26,29.37,-2.3,-6.76,31.7,31.7,31.7,34.0,15850000,0,500,0,500
2021-05-27,29.37,0.0,0.0,31.7,31.7,31.7,31.7,0,0,0,0,0
2021-05-28,29.65,0.3,0.95,32.0,32.5,32.5,31.7,32200000,0,1000,0,1000
2021-05-31,29.65,0.0,0.0,32.0,32.0,32.0,32.0,32000000,0,1000,0,1000
2021-06-01,29.65,0.0,0.0,32.0,32.0,32.0,32.0,0,0,0,0,0
2021-06-02,29.65,0.0,0.0,32.0,32.0,32.0,32.0,0,0,0,0,0
2021-06-03,29.65,0.0,0.0,32.0,32.0,32.0,32.0,457450000,0,14300,0,14300
2021-06-04,29.65,0.0,0.0,32.0,32.0,32.0,32.0,105600000,0,3300,0,3300
2021-06-07,27.8,-2.0,-6.25,30.0,32.0,32.0,32.0,208900000,0,7000,0,7000
2021-06-08,28.72,1.0,3.33,31.0,31.0,31.0,30.0,65100000,0,2100,0,2100
2021-06-09,28.72,0.0,0.0,31.0,31.0,31.0,31.0,9300000,0,300,0,300
2021-06-10,28.26,-0.5,-1.61,30.5,30.9,30.9,31.0,104810000,0,3400,0,3400
2021-06-11,28.26,0.0,0.0,30.5,30.0,30.5,30.5,11995850000,0,393500,0,393500
2021-06-14,28.72,0.5,1.64,31.0,31.0,31.0,30.5,89900000,0,2900,0,2900
2021-06-15,28.72,0.0,0.0,31.0,31.9,32.0,31.0,101290000,0,3200,0,3200
2021-06-16,28.72,0.0,0.0,31.0,31.1,31.1,31.0,89920000,0,2900,0,2900
2021-06-17,29.65,1.0,3.23,32.0,31.0,32.0,31.0,38300000,0,1200,0,1200
2021-06-18,30.11,0.5,1.56,32.5,32.0,32.5,32.0,70450000,0,2200,0,2200
2021-06-21,30.11,0.0,0.0,32.5,32.5,32.5,32.5,0,0,0,0,0
2021-06-22,30.11,0.0,0.0,32.5,32.5,32.5,32.5,48750000,0,1500,0,1500
2021-06-23,30.11,0.0,0.0,32.5,32.5,32.5,32.5,65000000,0,2000,0,2000
2021-06-24,30.11,0.0,0.0,32.5,32.5,32.5,32.5,0,0,0,0,0
2021-06-25,30.11,0.0,0.0,32.5,32.6,32.6,32.5,6510000,0,200,0,200
2021-06-28,31.5,1.5,4.62,34.0,34.0,34.0,32.5,17000000,0,500,0,500
2021-06-29,31.41,-0.1,-0.29,33.9,34.0,35.0,34.0,253150000,0,7300,0,7300
2021-06-30,31.32,-0.1,-0.29,33.8,33.8,33.8,33.9,33800000,397800,1000,13,1013
2021-07-01,32.43,1.2,3.55,35.0,35.0,35.0,33.8,157500000,1952000,4500,64,4564
2021-07-02,31.96,-0.5,-1.43,34.5,34.5,34.5,35.0,72450000,661500,2100,21,2121
2021-07-05,31.96,0.0,0.0,34.5,34.5,34.5,34.5,0,0,0,0,0
2021-07-06,31.96,0.0,0.0,34.5,34.5,34.5,34.5,113850000,0,3300,0,3300
2021-07-07,31.96,0.0,0.0,34.5,34.5,34.5,34.5,0,0,0,0,0
2021-07-08,31.96,0.0,0.0,34.5,34.5,34.5,34.5,48300000,1026300,1400,33,1433
2021-07-09,31.96,0.0,0.0,34.5,34.5,34.5,34.5,0,0,0,0,0
2021-07-12,31.13,-0.9,-2.61,33.6,33.8,33.8,34.5,57320000,0,1700,0,1700
2021-07-13,32.43,1.4,4.17,35.0,33.6,35.0,33.6,78100000,0,2300,0,2300
2021-07-14,32.43,0.0,0.0,35.0,35.0,35.0,35.0,0,0,0,0,0
2021-07-15,32.43,0.0,0.0,35.0,35.0,35.0,35.0,0,0,0,0,0
2021-07-16,33.82,1.5,4.29,36.5,36.5,36.5,35.0,7300000,0,200,0,200
2021-07-19,33.82,0.0,0.0,36.5,36.5,36.5,36.5,0,0,0,0,0
2021-07-20,33.82,0.0,0.0,36.5,36.5,36.5,36.5,0,0,0,0,0
2021-07-21,33.82,0.0,0.0,36.5,36.5,36.5,36.5,0,0,0,0,0
2021-07-22,32.06,-1.9,-5.21,34.6,34.6,34.6,36.5,3460000,0,100,0,100
2021-07-23,32.06,0.0,0.0,34.6,34.6,34.6,34.6,0,0,0,0,0
2021-07-26,32.06,0.0,0.0,34.6,34.6,34.6,34.6,0,0,0,0,0
2021-07-27,33.35,1.4,4.05,36.0,36.0,36.0,34.6,280800000,0,7800,0,7800
2021-07-28,33.35,0.0,0.0,36.0,36.0,36.0,36.0,0,0,0,0,0
2021-07-29,33.35,0.0,0.0,36.0,36.0,36.0,36.0,0,0,0,0,0
2021-07-30,33.35,0.0,0.0,36.0,36.0,36.0,36.0,43200000,0,1200,0,1200
2021-08-02,32.89,-0.5,-1.39,35.5,35.0,35.5,36.0,99300000,0,2800,0,2800
2021-08-03,32.89,0.0,0.0,35.5,35.5,35.5,35.5,0,0,0,0,0
2021-08-04,32.89,0.0,0.0,35.5,35.5,35.5,35.5,7100000,0,200,0,200
2021-08-05,32.89,0.0,0.0,35.5,35.5,35.5,35.5,0,0,0,0,0
2021-08-06,33.35,0.5,1.41,36.0,37.4,38.4,35.5,44860000,0,1200,0,1200
2021-08-09,33.45,0.1,0.28,36.1,36.1,36.1,36.0,3610000,0,100,0,100
2021-08-10,34.28,0.9,2.49,37.0,37.0,37.0,36.1,22200000,0,600,0,600
2021-08-11,34.28,0.0,0.0,37.0,37.0,37.0,37.0,74000000,0,2000,0,2000
2021-08-12,34.28,0.0,0.0,37.0,37.0,37.0,37.0,0,0,0,0,0
2021-08-13,31.69,-2.8,-7.57,34.2,40.7,40.7,37.0,19430000,0,500,0,500
2021-08-16,28.54,-3.4,-9.94,30.8,30.8,30.8,34.2,3080000,0,100,0,100
2021-08-17,28.54,0.0,0.0,30.8,30.8,30.8,30.8,0,0,0,0,0
2021-08-18,31.32,3.0,9.74,33.8,33.8,33.8,30.8,108160000,0,3200,0,3200
2021-08-19,34.37,3.3,9.76,37.1,31.6,37.1,33.8,377850000,0,10200,0,10200
2021-08-20,32.52,-2.0,-5.39,35.1,35.1,35.1,37.1,4149000,0,118,0,118
2021-08-23,32.52,0.0,0.0,35.1,35.1,35.1,35.1,0,0,0,0,0
2021-08-24,35.11,2.8,7.98,37.9,35.0,37.9,35.1,56290000,0,1600,0,1600
2021-08-25,35.11,0.0,0.0,37.9,37.9,37.9,37.9,0,0,0,0,0
2021-08-26,35.11,0.0,0.0,37.9,37.9,37.9,37.9,0,0,0,0,0
2021-08-27,34.28,0.0,0.0,37.0,37.0,37.0,37.0,0,0,0,0,0
2021-08-30,36.97,2.9,7.84,39.9,39.9,39.9,37.0,3990000,0,100,0,100
2021-08-31,33.35,-3.9,-9.77,36.0,36.0,36.0,39.9,3600000,0,100,0,100
2021-09-01,35.86,2.7,7.5,38.7,38.7,38.7,36.0,6075000,0,168,0,168
2021-09-06,35.86,0.0,0.0,38.7,38.7,38.7,38.7,104490000,0,2700,0,2700
2021-09-07,37.06,1.3,3.36,40.0,42.4,42.4,38.7,300280000,0,7200,0,7200
2021-09-08,37.06,0.0,0.0,40.0,40.0,40.0,40.0,648000,0,18,0,18
2021-09-09,40.67,3.9,9.75,43.9,43.9,43.9,40.0,4390000,0,100,0,100
2021-09-10,40.67,0.0,0.0,43.9,43.9,43.9,43.9,0,0,0,0,0
2021-09-13,39.84,-0.9,-2.05,43.0,39.6,43.0,43.9,56290000,0,1400,0,1400
2021-09-14,36.6,-3.5,-8.14,39.5,38.7,39.5,43.0,11770000,0,300,0,300
2021-09-16,36.23,3.5,9.83,39.1,34.0,39.1,35.6,49730000,0,1300,0,1300
2021-09-17,34.56,-1.8,-4.6,37.3,35.6,37.3,39.1,7290000,0,200,0,200
2021-09-20,34.56,0.0,0.0,37.3,37.3,37.3,37.3,0,0,0,0,0
2021-09-21,34.56,0.0,0.0,37.3,37.3,37.3,37.3,0,0,0,0,0
2021-09-22,34.37,-0.2,-0.54,37.1,40.5,40.5,37.3,7760000,0,200,0,200
2021-09-23,33.45,-1.0,-2.7,36.1,36.1,36.1,37.1,3610000,0,100,0,100
2021-09-24,33.45,0.0,0.0,36.1,36.1,36.1,36.1,0,0,0,0,0
2021-09-27,36.78,3.6,9.97,39.7,32.6,39.7,36.1,7230000,0,200,0,200
2021-09-28,36.78,0.0,0.0,39.7,39.7,39.7,39.7,0,0,0,0,0
2021-09-29,36.78,0.0,0.0,39.7,39.7,39.7,39.7,0,0,0,0,0
2021-09-30,36.13,-0.7,-1.76,39.0,35.9,39.0,39.7,60120000,0,1600,0,1600
2021-10-01,35.67,-0.5,-1.28,38.5,36.2,38.5,39.0,11090000,0,300,0,300
2021-10-04,39.19,3.8,9.87,42.3,38.0,42.3,38.5,148890000,0,3600,0,3600
2021-10-05,39.19,0.0,0.0,42.3,42.3,42.3,42.3,0,0,0,0,0
2021-10-06,39.19,0.0,0.0,42.3,42.3,42.3,42.3,0,0,0,0,0
2021-10-07,39.19,0.0,0.0,42.3,42.3,42.3,42.3,0,0,0,0,0
2021-10-08,39.19,0.0,0.0,42.3,42.3,42.3,42.3,0,0,0,0,0
2021-10-11,39.1,-0.1,-0.24,42.2,39.1,42.2,42.3,47640000,0,1200,0,1200
2021-10-12,35.21,-4.2,-9.95,38.0,40.4,41.4,42.2,57200000,0,1400,0,1400
2021-10-13,33.26,-2.1,-5.53,35.9,35.9,35.9,38.0,3590000,0,100,0,100
2021-10-14,36.5,3.5,9.75,39.4,39.3,39.4,35.9,129710000,0,3300,0,3300
2021-10-15,36.5,0.0,0.0,39.4,39.4,39.4,39.4,0,0,0,0,0
2021-10-18,36.5,0.0,0.0,39.4,39.4,39.4,39.4,0,0,0,0,0
2021-10-19,36.5,0.0,0.0,39.4,39.4,39.4,39.4,0,0,0,0,0
2021-10-20,36.5,0.0,0.0,39.4,39.4,39.4,39.4,0,0,0,0,0
2021-10-21,36.5,0.0,0.0,39.4,39.4,39.4,39.4,7880000,0,200,0,200
2021-10-22,35.39,-1.2,-3.05,38.2,39.4,39.4,39.4,85000000,0,2200,0,2200
2021-10-25,35.3,-0.1,-0.26,38.1,38.1,38.1,38.2,34290000,0,900,0,900
2021-10-26,34.56,-0.8,-2.1,37.3,39.0,40.0,38.1,131330000,0,3300,0,3300
2021-10-27,34.47,-0.1,-0.27,37.2,40.5,40.5,37.3,7770000,0,200,0,200
2021-10-28,34.47,0.0,0.0,37.2,37.2,37.2,37.2,0,0,0,0,0
2021-10-29,36.6,2.3,6.18,39.5,39.5,39.5,37.2,3950000,0,100,0,100
2021-11-01,36.41,-0.2,-0.51,39.3,39.6,39.8,39.5,19810000,0,500,0,500
2021-11-02,39.75,3.6,9.16,42.9,42.9,42.9,39.3,6010000,0,140,0,140
2021-11-03,41.6,2.0,4.66,44.9,40.0,44.9,42.9,37580000,0,900,0,900
2021-11-04,41.14,-0.5,-1.11,44.4,45.0,45.0,44.9,13010000,0,300,0,300
2021-11-05,41.14,0.0,0.0,44.4,44.4,44.4,44.4,1176000,0,28,0,28
2021-11-08,39.19,-2.1,-4.73,42.3,42.2,42.3,44.4,12680000,0,300,0,300
2021-11-09,37.52,-1.8,-4.26,40.5,41.4,41.4,42.3,32900000,0,800,0,800
2021-11-10,37.52,0.0,0.0,40.5,40.5,40.5,40.5,0,0,0,0,0
2021-11-11,38.91,1.5,3.7,42.0,36.5,42.0,40.5,16240000,0,400,0,400
2021-11-12,38.91,0.0,0.0,42.0,42.0,42.0,42.0,0,0,0,0,0
2021-11-15,38.91,0.0,0.0,42.0,42.0,42.0,42.0,1188000,0,28,0,28
2021-11-16,39.65,0.8,1.9,42.8,41.0,42.8,42.0,24780000,0,600,0,600
2021-11-17,37.99,-1.8,-4.21,41.0,41.0,41.0,42.8,12300000,0,300,0,300
2021-11-18,37.99,0.0,0.0,41.0,41.0,41.0,41.0,0,0,0,0,0
2021-11-19,39.1,1.2,2.93,42.2,40.0,42.2,41.0,8220000,0,200,0,200
2021-11-22,35.3,-4.1,-9.72,38.1,38.1,38.1,42.2,3810000,0,100,0,100
2021-11-23,37.52,2.4,6.3,40.5,34.3,40.5,38.1,411480000,0,10200,0,10200
2021-11-24,39.28,1.9,4.69,42.4,40.5,42.4,40.5,68540000,0,1700,0,1700
2021-11-25,39.28,0.0,0.0,42.4,42.4,42.4,42.4,0,0,0,0,0
2021-11-26,39.28,0.0,0.0,42.4,42.4,42.4,42.4,0,0,0,0,0
2021-11-29,39.28,0.0,0.0,42.4,42.4,42.4,42.4,0,0,0,0,0
2021-11-30,39.19,-0.1,-0.24,42.3,42.3,42.3,42.4,4230000,0,100,0,100
2021-12-01,39.19,0.0,0.0,42.3,42.3,42.3,42.3,16920000,0,400,0,400
2021-12-02,37.25,-2.1,-4.96,40.2,40.0,44.0,42.3,46270000,0,1100,0,1100
2021-12-03,37.25,0.0,0.0,40.2,40.2,40.2,40.2,0,0,0,0,0
2021-12-06,37.25,0.0,0.0,40.2,40.2,40.2,40.2,0,0,0,0,0
2021-12-07,39.75,2.7,6.72,42.9,42.9,42.9,40.2,4290000,0,100,0,100
2021-12-08,40.67,1.0,2.33,43.9,47.1,47.1,42.9,13120000,0,300,0,300
2021-12-09,40.67,0.0,0.0,43.9,43.9,43.9,43.9,0,0,0,0,0
2021-12-10,40.67,0.0,0.0,43.9,43.9,43.9,43.9,0,3049200,0,77,77
2021-12-13,40.67,0.0,0.0,43.9,43.9,43.9,43.9,0,0,0,0,0
2021-12-14,40.58,-0.1,-0.23,43.8,40.0,43.8,43.9,60500000,0,1500,0,1500
2021-12-15,40.67,0.1,0.23,43.9,43.9,43.9,43.8,8780000,0,200,0,200
2021-12-16,44.56,4.2,9.57,48.1,48.1,48.1,43.9,4810000,0,100,0,100
2021-12-17,40.12,-4.8,-9.98,43.3,43.3,43.3,48.1,17320000,0,400,0,400
2021-12-20,41.23,1.2,2.77,44.5,44.9,45.0,43.3,200300000,0,4500,0,4500
2021-12-21,41.23,0.0,0.0,44.5,44.5,44.5,44.5,4450000,0,100,0,100
2021-12-22,41.23,0.0,0.0,44.5,44.5,45.8,44.5,81020000,0,1800,0,1800
2021-12-23,43.31,2.2,5.14,45.0,43.0,45.0,42.8,13300000,0,300,0,300
2021-12-24,39.08,-4.4,-9.78,40.6,45.0,45.0,45.0,8560000,0,200,0,200
2021-12-27,39.08,0.0,0.0,40.6,40.6,40.6,40.6,0,0,0,0,0
2021-12-28,39.08,0.0,0.0,40.6,40.6,40.6,40.6,0,0,0,0,0
2021-12-29,35.32,-3.9,-9.61,36.7,36.7,36.7,40.6,3670000,0,100,0,100
2021-12-30,38.79,3.6,9.81,40.3,40.3,40.3,36.7,40300000,0,1000,0,1000
2021-12-31,38.79,0.0,0.0,40.3,40.3,40.3,40.3,0,0,0,0,0
2022-01-04,38.79,0.0,0.0,40.3,40.3,40.3,40.3,0,0,0,0,0
2022-01-05,38.79,0.0,0.0,40.3,40.3,40.3,40.3,0,0,0,0,0
2022-01-06,38.79,0.0,0.0,40.3,40.3,40.3,40.3,0,0,0,0,0
2022-01-07,38.79,0.0,0.0,40.3,40.3,40.3,40.3,0,0,0,0,0
2022-01-10,37.63,-1.2,-2.98,39.1,39.1,39.1,40.3,3910000,0,100,0,100
2022-01-11,37.63,0.0,0.0,39.1,39.1,39.1,39.1,0,0,0,0,0
2022-01-12,38.5,0.9,2.3,40.0,40.0,40.0,39.1,8000000,0,200,0,200
2022-01-13,38.5,0.0,0.0,40.0,40.0,40.0,40.0,0,0,0,0,0
2022-01-14,38.5,0.0,0.0,40.0,40.0,40.0,40.0,0,0,0,0,0
2022-01-17,38.6,0.1,0.25,40.1,40.1,40.1,40.0,88220000,0,2200,0,2200
2022-01-18,38.6,0.0,0.0,40.1,40.1,40.1,40.1,0,0,0,0,0
2022-01-19,38.6,0.0,0.0,40.1,40.1,40.1,40.1,0,0,0,0,0
2022-01-20,36.67,-2.0,-4.99,38.1,38.1,38.1,40.1,3810000,0,100,0,100
2022-01-21,37.73,1.1,2.89,39.2,39.0,39.2,38.1,7820000,0,200,0,200
2022-01-24,38.31,0.6,1.53,39.8,35.3,39.8,39.2,11460000,0,300,0,300
2022-01-25,35.9,-2.5,-6.28,37.3,37.3,37.3,39.8,3730000,0,100,0,100
2022-01-26,35.9,0.0,0.0,37.3,37.3,37.3,37.3,0,0,0,0,0
2022-01-27,35.9,0.0,0.0,37.3,37.3,37.3,37.3,0,0,0,0,0
2022-01-28,35.9,0.0,0.0,37.3,37.3,37.3,37.3,0,0,0,0,0
2022-02-07,35.9,0.0,0.0,37.3,37.3,37.3,37.3,0,0,0,0,0
2022-02-08,35.9,0.0,0.0,37.3,37.3,37.3,37.3,0,0,0,0,0
2022-02-09,35.9,0.0,0.0,37.3,37.3,37.3,37.3,0,0,0,0,0
2022-02-10,34.07,-1.9,-5.09,35.4,35.4,35.4,37.3,3540000,0,100,0,100
2022-02-11,34.07,0.0,0.0,35.4,35.4,35.4,35.4,0,0,0,0,0
2022-02-14,34.07,0.0,0.0,35.4,35.4,35.4,35.4,0,0,0,0,0
2022-02-15,34.07,0.0,0.0,35.4,35.4,35.4,35.4,0,0,0,0,0
2022-02-16,37.44,3.5,9.89,38.9,38.9,38.9,35.4,27230000,0,700,0,700
2022-02-17,34.75,-2.8,-7.2,36.1,36.1,36.1,38.9,3610000,0,100,0,100
2022-02-18,34.75,0.0,0.0,36.1,36.1,36.1,36.1,0,0,0,0,0
2022-02-21,34.75,0.0,0.0,36.1,36.1,36.1,36.1,0,0,0,0,0
2022-02-22,38.21,3.6,9.97,39.7,39.7,39.7,36.1,3970000,0,100,0,100
2022-02-23,40.91,2.8,7.05,42.5,43.5,43.5,39.7,8600000,0,200,0,200
2022-02-24,44.85,4.1,9.65,46.6,46.6,46.6,42.5,4660000,0,100,0,100
2022-02-25,44.85,0.0,0.0,46.6,46.6,46.6,46.6,0,0,0,0,0
2022-02-28,44.85,0.0,0.0,46.6,46.6,46.6,46.6,0,0,0,0,0
2022-03-01,40.43,-4.6,-9.87,42.0,51.2,51.2,46.6,9320000,0,200,0,200
2022-03-02,37.83,-2.7,-6.43,39.3,46.2,46.2,42.0,50130000,0,1100,0,1100
2022-03-03,41.58,3.9,9.92,43.2,43.2,43.2,39.3,4320000,0,100,0,100
2022-03-04,38.5,-3.2,-7.41,40.0,40.0,40.0,43.2,4000000,0,100,0,100
2022-03-07,42.35,4.0,10.0,44.0,44.0,44.0,40.0,44000000,0,1000,0,1000
2022-03-08,42.35,0.0,0.0,44.0,44.0,44.0,44.0,0,0,0,0,0
2022-03-09,42.35,0.0,0.0,44.0,44.0,44.0,44.0,264000000,0,6000,0,6000
2022-03-10,42.35,0.0,0.0,44.0,44.0,44.0,44.0,440000000,0,10000,0,10000
2022-03-11,42.35,0.0,0.0,44.0,44.0,44.0,44.0,0,0,0,0,0
2022-03-14,42.35,0.0,0.0,44.0,44.0,44.0,44.0,0,0,0,0,0
2022-03-15,38.5,-4.0,-9.09,40.0,40.0,40.0,44.0,4000000,0,100,0,100
2022-03-16,42.35,4.0,10.0,44.0,44.0,44.0,40.0,356400000,0,8100,0,8100
2022-03-17,42.35,0.0,0.0,44.0,44.0,44.0,44.0,189200000,0,4300,0,4300
2022-03-18,42.35,0.0,0.0,44.0,44.0,44.0,44.0,0,0,0,0,0
2022-03-21,42.35,0.0,0.0,44.0,44.0,44.0,44.0,176000000,0,4000,0,4000
2022-03-22,42.35,0.0,0.0,44.0,42.0,44.0,44.0,671700000,0,15300,0,15300
2022-03-23,42.35,0.0,0.0,44.0,44.0,44.0,44.0,616000000,0,14000,0,14000
2022-03-24,42.35,0.0,0.0,44.0,44.0,44.0,44.0,0,0,0,0,0
2022-03-25,42.35,0.0,0.0,44.0,44.0,44.0,44.0,0,0,0,0,0
2022-03-28,42.35,0.0,0.0,44.0,44.0,44.0,44.0,4400000,0,100,0,100
2022-03-29,42.35,0.0,0.0,44.0,44.0,44.0,44.0,0,0,0,0,0
2022-03-30,42.35,0.0,0.0,44.0,44.0,44.0,44.0,44000000,0,1000,0,1000
2022-03-31,42.35,0.0,0.0,44.0,44.0,44.0,44.0,0,0,0,0,0
2022-04-01,42.35,0.0,0.0,44.0,44.0,44.0,44.0,22000000,0,500,0,500
2022-04-04,42.35,0.0,0.0,44.0,44.0,44.0,44.0,0,0,0,0,0
2022-04-05,42.35,0.0,0.0,44.0,44.0,44.0,44.0,0,0,0,0,0
2022-04-06,42.35,0.0,0.0,44.0,44.0,44.0,44.0,0,0,0,0,0
2022-04-07,42.35,0.0,0.0,44.0,44.0,44.0,44.0,0,0,0,0,0
2022-04-08,42.35,0.0,0.0,44.0,44.0,44.0,44.0,0,0,0,0,0
2022-04-12,42.35,0.0,0.0,44.0,44.0,44.0,44.0,0,0,0,0,0
2022-04-13,42.35,0.0,0.0,44.0,44.0,44.0,44.0,0,0,0,0,0
2022-04-14,42.35,0.0,0.0,44.0,44.0,44.0,44.0,0,0,0,0,0
2022-04-19,38.5,-4.0,-9.09,40.0,40.0,40.0,44.0,8000000,0,200,0,200
2022-04-20,38.5,0.0,0.0,40.0,40.0,40.0,40.0,0,0,0,0,0
2022-04-21,38.5,0.0,0.0,40.0,40.0,40.0,40.0,0,0,0,0,0
2022-04-22,38.5,0.0,0.0,40.0,40.0,40.0,40.0,0,0,0,0,0
2022-04-25,38.5,0.0,0.0,40.0,40.0,40.0,40.0,0,0,0,0,0
2022-04-26,38.5,0.0,0.0,40.0,40.0,40.0,40.0,0,0,0,0,0
2022-04-27,38.5,0.0,0.0,40.0,40.0,40.0,40.0,0,0,0,0,0
2022-04-28,38.5,0.0,0.0,40.0,40.0,40.0,40.0,0,0,0,0,0
2022-04-29,38.5,0.0,0.0,40.0,40.0,40.0,40.0,0,0,0,0,0
2022-05-04,38.5,0.0,0.0,40.0,40.0,40.0,40.0,0,0,0,0,0
2022-05-05,38.5,0.0,0.0,40.0,40.0,40.0,40.0,0,0,0,0,0
2022-05-06,38.5,0.0,0.0,40.0,40.0,40.0,40.0,0,0,0,0,0
2022-05-09,38.02,-0.5,-1.25,39.5,44.0,44.0,40.0,8350000,0,200,0,200
2022-05-10,38.02,0.0,0.0,39.5,39.5,39.5,39.5,0,0,0,0,0
2022-05-11,38.02,0.0,0.0,39.5,39.5,39.5,39.5,0,0,0,0,0
2022-05-12,38.02,0.0,0.0,39.5,39.5,39.5,39.5,0,0,0,0,0
2022-05-13,38.02,0.0,0.0,39.5,39.5,39.5,39.5,0,0,0,0,0
2022-05-16,38.02,0.0,0.0,39.5,39.5,39.5,39.5,0,0,0,0,0
2022-05-17,38.02,0.0,0.0,39.5,39.5,39.5,39.5,0,0,0,0,0
2022-05-18,38.02,0.0,0.0,39.5,39.5,39.5,39.5,0,0,0,0,0
2022-05-19,38.02,0.0,0.0,39.5,39.5,39.5,39.5,0,0,0,0,0
2022-05-20,38.02,0.0,0.0,39.5,39.5,39.5,39.5,0,0,0,0,0
2022-05-23,38.02,0.0,0.0,39.5,39.5,39.5,39.5,0,0,0,0,0
2022-05-24,38.02,0.0,0.0,39.5,39.5,39.5,39.5,0,0,0,0,0
2022-05-25,38.02,0.0,0.0,39.5,39.5,39.5,39.5,0,0,0,0,0
2022-05-26,38.5,0.5,1.27,40.0,40.0,40.0,39.5,20000000,0,500,0,500
2022-05-27,38.5,0.0,0.0,40.0,40.0,40.0,40.0,0,0,0,0,0
2022-05-30,38.5,0.0,0.0,40.0,40.0,40.0,40.0,0,0,0,0,0
2022-05-31,38.5,0.0,0.0,40.0,40.0,40.0,40.0,0,0,0,0,0
2022-06-01,38.5,0.0,0.0,40.0,40.0,40.0,40.0,4000000,0,100,0,100
2022-06-02,38.5,0.0,0.0,40.0,40.0,40.0,40.0,0,0,0,0,0
2022-06-03,38.5,0.0,0.0,40.0,40.0,40.0,40.0,0,0,0,0,0
2022-06-06,38.5,0.0,0.0,38.5,38.5,38.5,38.5,0,0,0,0,0
2022-06-07,42.0,3.5,9.09,42.0,42.0,42.0,38.5,8400000,0,200,0,200
2022-06-08,42.0,0.0,0.0,42.0,42.0,42.0,42.0,0,0,0,0,0
2022-06-09,42.0,0.0,0.0,42.0,42.0,42.0,42.0,0,0,0,0,0
2022-06-10,42.0,0.0,0.0,42.0,42.0,42.0,42.0,0,0,0,0,0
2022-06-13,42.0,0.0,0.0,42.0,42.0,42.0,42.0,0,0,0,0,0
2022-06-14,42.0,0.0,0.0,42.0,42.0,42.0,42.0,0,0,0,0,0
2022-06-15,42.0,0.0,0.0,42.0,42.0,42.0,42.0,0,0,0,0,0
2022-06-16,42.0,0.0,0.0,42.0,42.0,42.0,42.0,0,0,0,0,0
2022-06-17,42.0,0.0,0.0,42.0,42.0,42.0,42.0,0,0,0,0,0
2022-06-20,42.0,0.0,0.0,42.0,42.0,42.0,42.0,0,0,0,0,0
2022-06-21,42.0,0.0,0.0,42.0,42.0,42.0,42.0,0,0,0,0,0
2022-06-22,42.0,0.0,0.0,42.0,42.0,42.0,42.0,0,0,0,0,0
2022-06-23,42.0,0.0,0.0,42.0,42.0,42.0,42.0,0,0,0,0,0
2022-06-24,42.0,0.0,0.0,42.0,42.0,42.0,42.0,0,0,0,0,0
2022-06-27,42.0,0.0,0.0,42.0,42.0,42.0,42.0,0,0,0,0,0
2022-06-28,42.0,0.0,0.0,42.0,42.0,42.0,42.0,0,0,0,0,0
2022-06-29,37.8,-4.2,-10.0,37.8,37.8,37.8,42.0,7560000,0,200,0,200
2022-06-30,37.8,0.0,0.0,37.8,37.8,37.8,37.8,0,0,0,0,0
2022-07-01,37.8,0.0,0.0,37.8,37.8,37.8,37.8,0,0,0,0,0
2022-07-04,37.8,0.0,0.0,37.8,37.8,37.8,37.8,0,0,0,0,0
2022-07-05,37.8,0.0,0.0,37.8,37.8,37.8,37.8,0,0,0,0,0
2022-07-06,37.8,0.0,0.0,37.8,37.8,37.8,37.8,0,0,0,0,0
2022-07-07,37.8,0.0,0.0,37.8,37.8,37.8,37.8,0,0,0,0,0
2022-07-08,37.8,0.0,0.0,37.8,37.8,37.8,37.8,0,0,0,0,0
2022-07-11,37.8,0.0,0.0,37.8,37.8,37.8,37.8,0,0,0,0,0
2022-07-12,37.8,0.0,0.0,37.8,37.8,37.8,37.8,75600000,0,2000,0,2000
2022-07-13,37.8,0.0,0.0,37.8,37.8,37.8,37.8,0,0,0,0,0
2022-07-14,37.8,0.0,0.0,37.8,37.8,37.8,37.8,0,0,0,0,0
2022-07-15,37.8,0.0,0.0,37.8,37.8,37.8,37.8,0,0,0,0,0
2022-07-18,37.8,0.0,0.0,37.8,37.8,37.8,37.8,0,0,0,0,0
2022-07-19,37.8,0.0,0.0,37.8,37.8,37.8,37.8,0,0,0,0,0
2022-07-20,37.8,0.0,0.0,37.8,37.8,37.8,37.8,0,0,0,0,0
2022-07-21,37.8,0.0,0.0,37.8,37.8,37.8,37.8,0,0,0,0,0
2022-07-22,37.8,0.0,0.0,37.8,37.8,37.8,37.8,0,0,0,0,0
2022-07-25,37.8,0.0,0.0,37.8,37.8,37.8,37.8,0,0,0,0,0
2022-07-26,37.8,0.0,0.0,37.8,37.8,37.8,37.8,0,0,0,0,0
2022-07-27,37.8,0.0,0.0,37.8,37.8,37.8,37.8,0,0,0,0,0
2022-07-28,37.8,0.0,0.0,37.8,37.8,37.8,37.8,0,0,0,0,0
2022-07-29,37.8,0.0,0.0,37.8,37.8,37.8,37.8,0,0,0,0,0
2022-08-01,37.8,0.0,0.0,37.8,37.8,37.8,37.8,0,0,0,0,0
2022-08-02,35.0,-2.8,-7.41,35.0,35.0,35.0,37.8,3500000,0,100,0,100
2022-08-03,35.0,0.0,0.0,35.0,35.0,35.0,35.0,0,0,0,0,0
2022-08-04,35.0,0.0,0.0,35.0,35.0,35.0,35.0,0,0,0,0,0
2022-08-05,35.0,0.0,0.0,35.0,35.0,35.0,35.0,3500000,0,100,0,100
2022-08-08,35.0,0.0,0.0,35.0,35.0,35.0,35.0,0,0,0,0,0
2022-08-09,38.0,3.0,8.57,38.0,38.0,38.0,35.0,3800000,0,100,0,100
2022-08-10,38.0,0.0,0.0,38.0,38.0,38.0,38.0,0,0,0,0,0
2022-08-11,38.0,0.0,0.0,38.0,38.0,38.0,38.0,0,0,0,0,0
2022-08-12,38.0,0.0,0.0,38.0,38.0,38.0,38.0,0,0,0,0,0
2022-08-15,38.0,0.0,0.0,38.0,38.0,38.0,38.0,0,0,0,0,0
2022-08-16,38.0,0.0,0.0,38.0,38.0,38.0,38.0,0,0,0,0,0
2022-08-17,38.0,0.0,0.0,38.0,34.6,38.0,38.0,238360000,0,6300,0,6300
2022-08-18,34.2,-3.8,-10.0,34.2,34.2,34.2,38.0,3420000,0,100,0,100
2022-08-19,34.2,0.0,0.0,34.2,34.2,34.2,34.2,0,0,0,0,0
2022-08-22,34.2,0.0,0.0,34.2,34.2,34.2,34.2,0,0,0,0,0
2022-08-23,34.2,0.0,0.0,34.2,34.2,34.2,34.2,0,0,0,0,0
2022-08-24,34.2,0.0,0.0,34.2,34.2,34.2,34.2,0,0,0,0,0
2022-08-25,34.2,0.0,0.0,34.2,34.2,34.2,34.2,0,0,0,0,0
2022-08-26,34.2,0.0,0.0,34.2,34.2,34.2,34.2,0,0,0,0,0
2022-08-29,34.2,0.0,0.0,34.2,34.2,34.2,34.2,0,0,0,0,0
2022-08-30,34.2,0.0,0.0,34.2,34.2,34.2,34.2,0,0,0,0,0
2022-08-31,34.2,0.0,0.0,34.2,34.2,34.2,34.2,0,0,0,0,0
2022-09-05,30.8,-3.4,-9.94,30.8,30.8,30.8,34.2,3080000,0,100,0,100
2022-09-06,30.8,0.0,0.0,30.8,30.8,30.8,30.8,0,0,0,0,0
2022-09-07,30.8,0.0,0.0,30.8,30.8,30.8,30.8,0,0,0,0,0
2022-09-08,30.8,0.0,0.0,30.8,30.8,30.8,30.8,0,0,0,0,0
2022-09-09,30.8,0.0,0.0,30.8,30.8,30.8,30.8,0,0,0,0,0
2022-09-12,30.8,0.0,0.0,30.8,30.8,30.8,30.8,0,0,0,0,0
2022-09-13,33.8,3.0,9.74,33.8,33.8,33.8,30.8,6760000,0,200,0,200
2022-09-14,30.5,-3.3,-9.76,30.5,30.5,30.5,33.8,3050000,0,100,0,100
2022-09-15,30.5,0.0,0.0,30.5,30.5,30.5,30.5,0,0,0,0,0
2022-09-16,30.5,0.0,0.0,30.5,30.5,30.5,30.5,605000,0,22,0,22
2022-09-19,30.5,0.0,0.0,30.5,30.5,30.5,30.5,0,0,0,0,0
2022-09-20,30.5,0.0,0.0,30.5,30.5,30.5,30.5,0,0,0,0,0
2022-09-21,30.5,0.0,0.0,30.5,30.5,30.5,30.5,616000,0,20,0,20
2022-09-22,30.5,0.0,0.0,30.5,30.5,30.5,30.5,0,0,0,0,0
2022-09-23,30.5,0.0,0.0,30.5,30.5,30.5,30.5,0,0,0,0,0
2022-09-26,30.5,0.0,0.0,30.5,30.5,30.5,30.5,0,0,0,0,0
2022-09-27,30.5,0.0,0.0,30.5,30.5,30.5,30.5,0,0,0,0,0
2022-09-28,30.5,0.0,0.0,30.5,30.5,30.5,30.5,0,0,0,0,0
2022-09-29,30.5,0.0,0.0,30.5,30.5,30.5,30.5,0,0,0,0,0
2022-09-30,30.5,0.0,0.0,30.5,30.5,30.5,30.5,0,0,0,0,0
